<project xmlns="http://maven.apache.org/POM/4.0.0" xmlns:xsi="http://www.w3.org/2001/XMLSchema-instance"
	xsi:schemaLocation="http://maven.apache.org/POM/4.0.0 http://maven.apache.org/xsd/maven-4.0.0.xsd">
	<groupId>istic</groupId>
	<artifactId>vv-configuration</artifactId>
	<version>1</version>
	<packaging>pom</packaging>

	<dependencies>

		<!-- JUnit dependency -->
		<dependency>
			<groupId>junit</groupId>
			<artifactId>junit</artifactId>
			<version>4.11</version>
		</dependency>

	</dependencies>

	<build>
		<plugins>

			<!-- Javadoc plugin -->
			<plugin>
				<groupId>org.apache.maven.plugins</groupId>
				<artifactId>maven-javadoc-plugin</artifactId>
				<version>2.9.1</version>
				<configuration>
					<tags>
						<tag>
							<name>type</name>
							<placement>m</placement>
							<head>Type:</head>
							new
						</tag>
						<tag>
							<name>input</name>
							<placement>m</placement>
							<head>Input:</head>
						</tag>
						<tag>
							<name>oracle</name>
							<placement>m</placement>
							<head>Oracle:</head>
						</tag>
						<tag>
							<name>passed</name>
							<placement>m</placement>
							<head>Passed:</head>
						</tag>
						<tag>
							<name>correction</name>
							<placement>m</placement>
							<head>Correction:</head>
						</tag>
					</tags>
				</configuration>
			</plugin>

<!-- 			Jacobo (code coverage) plugin -->
			<plugin>
				<groupId>org.jacoco</groupId>
				<artifactId>jacoco-maven-plugin</artifactId>
				<version>0.6.3.201306030806</version>
				<executions>
					<execution>
						<id>prepare-agent</id>
						<goals>
							<goal>prepare-agent</goal>
						</goals>
					</execution>
					<execution>
						<id>report</id>
						<phase>prepare-package</phase>
						<goals>
							<goal>report</goal>
						</goals>
					</execution>
				</executions>
			</plugin>

		</plugins>
	</build>



</project>
